t_us,phase,ax,ay,az
1347,0,1848,16248,-1372
4188,0,1828,16196,-1140
6189,0,1776,16192,-1060
9189,0,1848,16072,-1092
11189,0,1912,16080,-1032
14189,0,1884,16160,-1216
16189,0,1864,16076,-1144
19189,0,1940,16020,-1204
21189,0,1936,16156,-1180
24189,0,1856,16152,-1344
26189,0,1848,16120,-1184
29189,0,1900,16104,-1280
31189,0,1892,16120,-1208
34189,0,1908,16108,-1184
36189,0,1808,16184,-1216
39189,0,1900,16100,-1160
41189,0,1836,16144,-1124
44189,0,1928,16108,-1124
46189,0,1912,16132,-1192
49189,0,1808,16268,-1212
51189,0,1884,16240,-1092
54189,0,1896,16152,-1280
56189,0,1900,16080,-1168
59189,0,1920,16108,-1160
61189,0,1808,16092,-1280
64189,0,1884,16092,-1064
66189,0,1876,16036,-1308
69189,0,1860,16120,-1060
71189,0,1916,16112,-1216
74189,0,2008,16064,-1164
76189,0,1928,16140,-1236
79189,0,1920,16152,-1348
81189,0,1860,16200,-1092
84189,0,1812,16168,-1224
86189,0,1844,16100,-1296
89189,0,1804,16228,-1152
91189,0,1904,16108,-1136
94189,0,1860,16144,-1324
96189,0,1844,16172,-1192
99189,0,1928,16056,-1212
101189,0,1908,16100,-1352
104189,0,1880,16184,-1248
106189,0,1868,16160,-1320
109189,0,1824,16136,-1308
111189,0,1912,16180,-1228
114189,0,1736,16000,-1276
116189,0,1940,16112,-1140
119189,0,1928,16128,-1332
121189,0,1932,16176,-1268
124189,0,1984,16164,-1240
126189,0,1876,16176,-1088
129189,0,1836,16204,-1112
131189,0,1920,16160,-1180
134189,0,1904,16080,-1068
136189,0,1884,16072,-1096
139189,0,1960,16080,-1160
141189,0,1892,16144,-1252
144189,0,1872,16068,-1200
146189,0,1984,16140,-1300
149189,0,1912,16040,-1152
151189,0,1904,16168,-1188
154189,0,1872,16044,-1132
156189,0,1796,16088,-1236
159189,0,1880,16108,-1348
161189,0,1892,16144,-1192
164189,0,1908,16164,-1260
166189,0,2012,16152,-1276
169189,0,1872,16160,-1232
171189,0,1896,16240,-1168
174189,0,1860,16208,-1360
176189,0,1840,16180,-1384
179189,0,1948,16148,-1312
181189,0,1860,16036,-1232
184189,0,1904,16060,-1308
186189,0,1984,16076,-1252
189189,0,1892,16148,-1176
191189,0,1892,16140,-1124
194189,0,1856,16152,-1196
196189,0,1944,16080,-1112
199189,0,1920,16064,-1068
201189,0,1892,16140,-1172
204189,0,1796,16168,-1228
206189,0,1856,16112,-1116
209189,0,1852,16140,-1144
211189,0,1880,16072,-1116
214189,0,1796,16136,-1276
216189,0,1768,16156,-1248
219189,0,1808,16164,-1208
221189,0,1816,16080,-1224
224189,0,1940,16116,-1416
226189,0,1944,16092,-1344
229189,0,2016,16040,-1176
231189,0,1872,16148,-1132
234189,0,1936,16044,-1264
236189,0,1960,16080,-1176
239189,0,1860,16156,-952
241189,0,1852,16104,-1188
244189,0,1812,16244,-1148
246189,0,1936,16180,-1108
249189,0,1900,16140,-1200
251189,0,1924,16132,-1308
254189,0,1828,16156,-1236
256189,0,1772,16200,-1336
259189,0,1792,16080,-1180
261189,0,1888,16156,-1056
264189,0,1788,16108,-1232
266189,0,1944,16068,-1308
269189,0,1956,16120,-1240
271189,0,1932,16108,-1280
274189,0,1952,16080,-1100
276189,0,1832,16092,-1160
279189,0,1800,16120,-1284
281189,0,1836,16124,-1344
284189,0,1888,16184,-1380
286189,0,1884,16196,-1328
289189,0,1780,16112,-1220
291189,0,1752,16224,-1244
294189,0,1876,16092,-1232
296189,0,1920,16196,-1304
299189,0,1896,16200,-1296
301189,0,1956,16180,-1212
304189,0,1904,16088,-1116
306189,0,1908,16152,-1056
309189,0,1896,16020,-1184
311189,0,1928,16048,-1264
314189,0,2008,16168,-1200
316189,0,1948,16096,-1140
319189,0,1948,16140,-1212
321189,0,1860,16088,-1120
324189,0,1900,16152,-1124
326189,0,1896,16028,-1056
329189,0,1884,16188,-1240
331189,0,1844,16140,-1160
334189,0,1848,16104,-1308
336189,0,1852,16152,-1176
339189,0,1940,16148,-1184
341189,0,1904,16180,-1236
344189,0,1816,16196,-1136
346189,0,1868,16160,-1312
349189,0,1836,16060,-1364
351189,0,2020,16056,-1196
354189,0,1836,16104,-1344
356189,0,1792,16044,-1272
359189,0,1896,16056,-1264
361189,0,1852,16080,-1308
364189,0,1872,16044,-1220
366189,0,1916,16080,-1248
369189,0,1884,16124,-1264
371189,0,1924,16148,-1296
374189,0,1892,16148,-1204
376189,0,1836,16108,-1296
379189,0,1844,16128,-1152
381189,0,1884,16148,-1184
384189,0,1904,16136,-1308
386189,0,1964,16112,-952
389189,0,1864,16148,-1228
391189,0,1948,16168,-1264
394189,0,1912,16068,-1228
396189,0,1804,16048,-1104
399189,0,1844,16100,-1228
401189,0,1908,16152,-1208
404189,0,1984,16192,-1216
406189,0,1836,16076,-1476
409189,0,1900,16040,-1228
411189,0,1800,16188,-1432
414189,0,1796,16148,-1160
416189,0,1816,16124,-1148
419189,0,1892,16292,-1188
421189,0,1820,16152,-1228
424189,0,1684,16132,-1280
426189,0,1912,16244,-1228
429189,0,1800,16076,-1240
431189,0,1852,16144,-1180
434189,0,1948,16104,-1144
436189,0,1796,16220,-1140
439189,0,1872,16148,-1180
441189,0,1884,16132,-1204
444189,0,1912,16172,-1212
446189,0,1872,16084,-1104
449189,0,1916,16180,-1116
451189,0,1760,16264,-1280
454189,0,1880,16076,-1192
456189,0,1884,16120,-1160
459189,0,1964,16148,-1152
461189,0,2044,16036,-1252
464189,0,1908,16080,-1280
466189,0,1828,16056,-1084
469189,0,1896,16156,-1244
471189,0,1796,16180,-1304
474189,0,1824,16060,-1344
476189,0,1884,16160,-1236
479189,0,1860,16040,-1204
481189,0,1940,16156,-1284
484189,0,1892,16156,-1192
486189,0,1916,16120,-1296
489189,0,1808,16016,-1116
491189,0,1816,16092,-1296
494189,0,1928,16072,-1112
496189,0,1948,16068,-1200
499189,0,1956,16100,-1236
501189,0,1792,16192,-1132
504189,0,1868,16112,-1276
506189,0,1916,16172,-1228
509189,0,1960,16108,-1204
511189,0,1928,16096,-1172
514189,0,1868,16116,-1256
516189,0,1772,16124,-1164
519189,0,1852,16136,-1232
521189,0,1784,16112,-1408
524189,0,1896,16140,-1332
526189,0,1852,16108,-1268
529189,0,1912,16152,-1228
531189,0,1920,16088,-1304
534189,0,1860,16140,-1156
536189,0,1836,16132,-1144
539189,0,1980,16028,-1224
541189,0,1848,16072,-1212
544189,0,1824,16084,-1212
546189,0,1868,16080,-1328
549189,0,1936,16196,-1064
551189,0,1864,16124,-1176
554189,0,1876,16148,-1328
556189,0,1880,16152,-1200
559189,0,1912,16116,-1220
561189,0,1848,16212,-1204
564189,0,1908,16164,-1224
566189,0,1880,16112,-1192
569189,0,1912,16180,-1240
571189,0,1904,16100,-1328
574189,0,1864,16172,-1116
576189,0,1844,16132,-1004
579189,0,1920,16224,-1128
581189,0,1796,16180,-1320
584189,0,1892,16164,-1392
586189,0,1872,16132,-1116
589189,0,1916,16132,-1160
591189,0,1792,16116,-1352
594189,0,1944,16184,-1256
596189,0,1772,16144,-1192
599189,0,1852,16192,-1180
601189,0,1800,16144,-1188
604189,0,1744,16136,-1220
606189,0,1960,16100,-1132
609189,0,1828,16112,-1308
611189,0,1756,16072,-1160
614189,0,1864,16120,-1148
616189,0,1832,16172,-1152
619189,0,1956,16156,-1052
621189,0,1848,16148,-1288
624189,0,1808,16220,-1144
626189,0,1924,16084,-1232
629189,0,1832,16132,-1196
631189,0,1852,16140,-1160
634189,0,1972,16156,-1184
636189,0,1884,16176,-1216
639189,0,1836,16116,-1248
641189,0,1940,16152,-1196
644189,0,1896,16168,-1244
646189,0,1892,16092,-1180
649189,0,1876,16132,-1208
651189,0,1900,16128,-1272
654189,0,1896,16120,-1172
656189,0,1856,16096,-1208
659189,0,1848,16176,-1196
661189,0,1764,16056,-1244
664189,0,1928,16164,-1208
666189,0,1904,16148,-1260
669189,0,1952,16100,-1232
671189,0,1920,16192,-1108
674189,0,1840,16204,-1336
676189,0,1916,16136,-1304
679189,0,1816,16108,-1364
681189,0,1780,16092,-1132
684189,0,1932,16176,-1260
686189,0,1888,16112,-1164
689189,0,1904,16096,-1324
691189,0,1932,16184,-1316
694189,0,1800,16172,-1284
696189,0,1804,16124,-1316
699189,0,1784,16100,-1156
701210,1,1812,16040,-1284
704209,1,1908,16108,-1244
706208,1,1904,16092,-1356
709210,1,1764,15712,-1120
711211,1,2192,16484,-1612
714208,1,1504,15412,-1092
716207,1,3200,16944,-2224
719211,1,2724,17000,-2716
721211,1,3084,16516,-2676
724209,1,3916,16856,-3692
726208,1,2588,16960,-4636
729207,1,2932,16852,-5456
731211,1,2520,15980,-5344
734208,1,2232,16500,-6620
736209,1,16,16180,-7744
739212,1,-340,15132,-7788
741208,1,248,15004,-7780
744210,1,312,15248,-7672
746208,1,204,14656,-6828
749210,1,448,15744,-6764
751206,1,728,16180,-6084
754208,1,1168,16588,-5788
756211,1,1732,16900,-5224
759208,1,1468,16132,-5568
761210,1,4736,18024,-6068
764207,1,1476,15560,-5172
766211,1,3804,16104,-5800
769205,1,1564,15704,-6548
771213,1,1868,15356,-6732
774207,1,1496,15672,-6976
776208,1,-372,15424,-6940
779212,1,1176,16616,-7116
781206,1,604,16500,-6524
784209,1,2408,17060,-6224
786209,1,2140,17652,-6256
789206,1,1772,17696,-5472
791210,1,4020,18080,-4372
794209,1,2260,18500,-5508
796209,1,4700,19000,-4204
799210,1,1112,17704,-3392
801205,1,4544,18076,-3688
804208,1,3728,17856,-4000
806208,1,584,16780,-4664
809208,1,1764,16776,-5292
811205,1,1500,16420,-5588
814207,1,1740,15336,-5804
816210,1,2964,14388,-5292
819214,1,5524,16072,-5372
821211,1,416,13836,-4824
824208,1,1608,14832,-4280
826210,1,3552,16408,-3924
829208,1,1456,16308,-2568
831206,1,1724,15700,-856
834208,1,292,15896,-1680
836204,1,2712,18552,-2816
839204,1,2128,15252,144
841205,1,-936,16732,-3508
844207,1,468,17148,-4956
846204,1,1468,14572,-3928
849207,1,848,14484,-6440
851207,1,-772,14612,-5252
854207,1,776,13996,-4760
856204,1,2044,14464,-4324
859207,1,-1384,14084,-3856
861207,1,640,15148,-2492
864207,1,2592,15684,-1556
866204,1,1144,15780,-1028
869207,1,1040,16064,-524
871207,1,2972,17364,528
874207,1,3860,16712,2304
876204,1,3624,16576,2600
879207,1,3672,16608,2748
881207,1,4328,17364,2148
884207,1,3284,16400,2344
886204,1,3156,16284,1812
889207,1,2768,16804,564
891207,1,900,16464,412
894207,1,2372,16864,-64
896204,1,572,16944,-1204
899207,1,2008,15760,1296
901207,1,2404,17756,-328
904207,1,1400,16156,2128
906204,1,3756,16952,1892
909207,1,5460,18780,1332
911207,1,2056,18016,748
914207,1,1832,18680,-1264
916204,1,2944,17904,-536
919207,1,3192,15184,348
921207,1,1844,16132,-3140
924207,1,-12,15108,-3172
926204,1,1440,14628,-2820
929207,1,-36,15160,-4776
931207,1,1524,14920,-3668
934207,1,2016,15404,-3564
936204,1,1216,15588,-3848
939207,1,1240,14948,-3956
941207,1,2864,15828,-4584
944207,1,2804,14404,-2604
946204,1,356,15640,-5044
949207,1,1460,15068,-4208
951207,1,1936,15044,-3956
954207,1,912,14544,-4640
956204,1,1268,16452,-5172
959207,1,-1048,14188,-3576
961207,1,1312,15652,-3488
964207,1,1832,15924,-2288
966204,1,-1412,16020,-2432
969207,1,-120,16068,-640
971207,1,1452,17344,-416
974207,1,4028,16828,2680
976204,1,1232,15972,2324
979207,1,2068,18488,980
981207,1,4396,17308,3380
984207,1,6036,17052,3232
986204,1,3400,17584,768
989207,1,5648,15624,2528
991207,1,2264,16196,76
994207,1,2512,14692,840
996204,1,2168,16720,-1392
999207,1,1968,16436,-308
1001207,1,524,15648,12
1004207,1,1860,16836,-292
1006204,1,-224,16128,444
1009207,1,3608,16872,2388
1011207,1,1468,17492,404
1014207,1,1040,18744,-480
1016204,1,3288,18208,536
1019207,1,660,16644,-120
1021207,1,2948,16328,-316
1024207,1,3928,16056,-1756
1026204,1,144,13668,-1556
1029207,1,-864,15420,-5568
1031207,1,2452,15200,-4136
1034207,1,1308,14272,-3356
1036204,1,-1772,14524,-5120
1039207,1,768,14532,-4280
1041207,1,3348,15640,-4876
1044207,1,224,13956,-3936
1046204,1,2556,15372,-4536
1049207,1,1428,15484,-3840
1051207,1,4676,15336,-892
1054207,1,2400,17680,-3256
1056204,1,388,16816,-2400
1059207,1,2280,17348,-1764
1061207,1,2104,17360,-1404
1064207,1,452,17200,-1832
1066204,1,-100,17400,-2212
1069207,1,1792,17216,-980
1071207,1,2368,17220,-688
1074207,1,864,16940,-1144
1076204,1,3464,17560,-1088
1079207,1,3620,16552,-420
1081207,1,2812,15984,-208
1084207,1,3372,17532,-1436
1086204,1,1776,16052,-156
1089207,1,4828,15236,1692
1091207,1,2452,17676,-2008
1094207,1,940,16064,-188
1096204,1,1172,15700,-480
1099207,1,2972,16404,-1168
1101207,1,3624,15516,48
1104207,1,980,15368,-900
1106204,1,2632,15636,-500
1109207,1,2608,16716,-1448
1111207,1,1140,16352,-736
1114207,1,340,16604,-1320
1116204,1,1504,17032,-1004
1119207,1,-220,15848,-508
1121207,1,-64,16532,-1904
1124207,1,968,16348,-1932
1126204,1,980,15288,-1484
1129207,1,1144,15056,-2248
1131207,1,3392,15736,-2416
1134207,1,2696,14620,-1568
1136204,1,2788,14784,-2184
1139207,1,560,15356,-3820
1141207,1,1956,15332,-2732
1144207,1,756,15260,-2008
1146204,1,2352,16040,-1432
1149207,1,-456,16512,-1476
1151207,1,3136,15976,540
1154207,1,2976,17508,-896
1156204,1,1068,17856,-1672
1159207,1,1120,16412,-260
1161207,1,2056,17396,-1428
1164207,1,3232,16644,-308
1166204,1,3108,16364,-276
1169207,1,936,16400,-1064
1171207,1,2196,16276,-804
1174207,1,2868,17612,-2196
1176204,1,2656,16416,-1016
1179207,1,412,16472,-1976
1181207,1,2420,16680,-1232
1184207,1,3800,16244,-972
1186204,1,1396,15392,-884
1189207,1,1832,15640,-696
1191207,1,2236,15780,-748
1194207,1,3260,16260,-984
1196204,1,1404,16936,-1844
1199207,1,-1424,16496,-2972
1201207,1,2400,15404,-1548
1204207,1,1892,15376,-2616
1206204,1,784,14704,-2148
1209207,1,1808,15584,-3028
1211207,1,2132,16148,-3256
1214207,1,544,16304,-3176
1216204,1,1468,16808,-3232
1219207,1,788,16264,-2488
1221207,1,3424,16008,-1168
1224207,1,1960,15876,-840
1226204,1,2240,15576,-312
1229207,1,548,16864,-2156
1231207,1,3736,17732,-1904
1234207,1,896,16932,-2660
1236204,1,1520,17244,-2992
1239207,1,688,15292,-1256
1241207,1,3200,15012,-536
1244207,1,388,15836,-2536
1246204,1,2268,16172,-1656
1249207,1,984,15472,-1528
1251207,1,1228,16976,-3068
1254207,1,564,15284,-124
1256204,1,1064,16756,-736
1259207,1,1056,15580,220
1261207,1,6176,15300,2268
1264207,1,2536,16864,-648
1266204,1,528,15956,-752
1269207,1,4340,15256,1880
1271207,1,2020,16804,-660
1274207,1,1076,17328,-1636
1276204,1,3732,15680,1516
1279207,1,2868,15492,688
1281207,1,884,16996,-2828
1284207,1,1560,16244,-1344
1286204,1,512,15732,-612
1289207,1,-124,17112,-2284
1291207,1,2736,16108,-292
1294207,1,2084,14984,768
1296204,1,2608,16064,-484
1299207,1,2800,15468,-404
1301207,1,2340,16624,-2316
1304207,1,2512,16360,-2376
1306204,1,3088,16752,-2188
1309207,1,2684,16468,-1844
1311207,1,2260,15064,-1064
1314207,1,2144,16920,-2752
1316204,1,620,16308,-2292
1319207,1,-1748,16460,-3372
1321207,1,1844,17640,-3520
1324207,1,1768,16376,-1896
1326204,1,300,15480,-2592
1329207,1,-1160,16552,-4296
1331207,1,2228,14652,-1008
1334207,1,5232,16592,-2428
1336204,1,2028,17608,-4332
1339207,1,-2788,15772,-4216
1341206,1,2652,16760,-3532
1344207,1,3696,14404,-1460
1346209,1,1660,14512,-1860
1349207,1,-1008,15292,-2584
1351212,1,-400,14844,-1704
1354205,1,1216,16268,-1836
1356210,1,3664,16312,-184
1359210,1,216,15880,1028
1361208,1,2576,15636,2628
1364207,1,4944,16508,3868
1366206,1,3348,15608,5544
1369206,1,112,17716,3068
1371204,1,2868,19172,4396
1374212,1,2876,16844,7776
1376209,1,1016,18492,5400
1379206,1,-780,15548,8064
1381214,1,-456,15312,7532
1384206,1,1552,15636,6108
1386211,1,-116,13268,7196
1389205,1,2556,15844,3908
1391209,1,5160,14516,4764
1394205,1,3900,15368,3056
1396207,1,3936,15056,2720
1399209,1,3372,14140,4020
1401206,1,3916,14440,4060
1404208,1,3440,15256,3756
1406208,1,-852,14508,3856
1409206,1,-380,15980,2468
1411207,1,288,17292,1716
1414206,1,2540,16412,3440
1416207,1,-80,18140,-32
1419207,1,1836,18868,-412
1421207,1,1304,16120,1584
1424210,1,2848,18048,-396
1426206,1,-496,16712,-464
1429206,1,-908,14796,708
1431210,1,1476,16936,-1428
1434205,1,3916,14384,1804
1436204,1,-1984,14496,-660
1439208,1,-768,16132,-2504
1441208,1,4828,13508,2916
1444209,1,3408,15464,124
1446209,1,3764,14616,1200
1449208,1,1640,15016,1324
1451208,1,6260,15196,3356
1454208,1,2800,17152,1604
1456211,1,2088,16444,4192
1459206,1,-2884,18072,1940
1461208,1,2272,17868,5292
1464209,1,-616,17548,5384
1466206,1,-1288,16496,6000
1469211,1,-336,15324,6392
1471210,1,3072,16992,5184
1474205,1,3472,15736,4296
1476207,1,2748,15720,2804
1479188,2,4812,14128,3424
1481189,2,5004,15196,1268
1484188,2,6384,11468,5104
1486189,2,-896,15196,-1280
1489188,2,2492,13188,1560
1491189,2,-292,15548,-1548
1494188,2,2456,15676,-612
1496189,2,-3580,16068,-3296
1499188,2,348,15808,-1416
1501189,2,16,17460,-3808
1504188,2,1484,17044,-3072
1506189,2,-280,16208,-3352
1509188,2,1276,17260,-4764
1511189,2,2132,16496,-4464
1514188,2,1088,16320,-5144
1516189,2,2468,16400,-5136
1519188,2,1628,16476,-5688
1521189,2,3600,16148,-4516
1524188,2,1868,16036,-4436
1526189,2,2088,15616,-3180
1529188,2,4128,16724,-2388
1531189,2,4028,16636,-1476
1534188,2,2680,17304,-1172
1536189,2,2508,18248,-1156
1539188,2,3484,17748,912
1541189,2,3192,18356,852
1544188,2,1092,17760,896
1546189,2,736,17260,1416
1549188,2,1124,16936,972
1551189,2,1668,16468,1076
1554188,2,328,15792,-124
1556189,2,848,15680,-936
1559188,2,2020,15144,-1600
1561189,2,3452,14756,-1416
1564188,2,1508,14364,-2240
1566189,2,1556,13972,-1924
1569188,2,2288,14132,-1596
1571189,2,2240,14204,-1216
1574188,2,-608,15008,-1724
1576189,2,-1012,15556,-1756
1579188,2,272,16280,-1540
1581189,2,416,16512,-1608
1584188,2,-604,16404,-1516
1586189,2,-20,16200,-1364
1589188,2,2260,16216,-1416
1591189,2,2476,16020,-1308
1594188,2,1536,15876,-2232
1596189,2,1964,15844,-2100
1599188,2,3136,15864,-1920
1601189,2,3192,16128,-1976
1604188,2,1316,16148,-2372
1606189,2,1756,16344,-2012
1609188,2,3092,16620,-1596
1611189,2,3272,17084,-1660
1614188,2,2240,17264,-1580
1616189,2,2444,17400,-1572
1619188,2,3812,17892,-1376
1621189,2,3524,17948,-1476
1624188,2,1788,17856,-1808
1626189,2,1340,17660,-1712
1629188,2,1540,17212,-1176
1631189,2,532,16744,-1388
1634188,2,-484,16072,-1348
1636189,2,512,15828,-1308
1639188,2,1888,15312,-1232
1641189,2,1748,15064,-1428
1644188,2,1708,14728,-1728
1646189,2,2860,14600,-1704
1649188,2,3820,14688,-1520
1651189,2,3016,14752,-1696
1654188,2,1708,15016,-2080
1656189,2,1576,15220,-1868
1659188,2,1244,15548,-1392
1661189,2,-268,15740,-1492
1664188,2,-1468,16004,-1344
1666189,2,-1308,15984,-1152
1669188,2,24,16324,-652
1671189,2,132,16540,-736
1674188,2,328,16528,-760
1676189,2,1700,16480,-800
1679188,2,3948,16380,-676
1681189,2,3508,16060,-916
1684188,2,3124,15828,-1104
1686189,2,3536,15776,-1040
1689188,2,3132,15528,-836
1691189,2,1660,15772,-1120
1694188,2,844,16248,-1748
1696189,2,1240,16492,-1676
1699188,2,1532,16884,-1996
1701189,2,880,17212,-2168
1704188,2,1400,17424,-2184
1706189,2,2660,17496,-1920
1709188,2,3308,17568,-1808
1711189,2,2388,17440,-2180
1714188,2,2016,17096,-2352
1716189,2,2488,17100,-2180
1719188,2,1948,16452,-2216
1721189,2,876,16048,-2332
1724188,2,120,15388,-2484
1726189,2,760,15132,-2020
1729188,2,1556,14768,-1832
1731189,2,1240,14644,-1948
1734188,2,1884,14884,-1960
1736189,2,3000,15136,-1412
1739188,2,3156,15696,-1092
1741189,2,2104,15952,-1228
1744188,2,1804,16408,-864
1746189,2,2004,16568,-408
1749188,2,924,16620,-72
1751189,2,-308,16592,-180
1754188,2,-372,16596,-112
1756189,2,364,16496,4
1759188,2,744,16440,-568
1761189,2,432,16364,-1060
1764188,2,1584,16048,-1148
1766189,2,2808,15964,-1064
1769188,2,3648,15632,-1252
1771189,2,2980,15492,-1408
1774188,2,2728,15300,-1612
1776189,2,2912,15472,-1416
1779188,2,2160,15568,-1540
1781189,2,1060,15860,-1952
1784188,2,480,16360,-2088
1786189,2,1128,16480,-2116
1789188,2,744,16832,-2528
1791189,2,640,16812,-2768
1794188,2,1868,16900,-2548
1796189,2,2628,16896,-2520
1799188,2,2532,16912,-2780
1801189,2,1972,16772,-2648
1804188,2,2400,16644,-2488
1806189,2,2628,16608,-2160
1809188,2,1660,16296,-1724
1811189,2,908,16112,-1372
1814188,2,1296,16056,-892
1816189,2,2072,15980,-560
1819188,2,1912,16036,-576
1821189,2,1644,16060,-500
1824188,2,2368,16088,-668
1826189,2,3068,16196,-480
1829188,2,2512,16260,-664
1831189,2,1804,16152,-1088
1834188,2,1732,16164,-1028
1836189,2,1712,16180,-1092
1839188,2,180,15984,-1288
1841189,2,-316,15880,-1644
1844188,2,308,15880,-1632
1846189,2,892,15776,-1516
1849188,2,712,15676,-1712
1851189,2,852,15672,-1788
1854188,2,2208,15596,-1740
1856189,2,2828,15552,-1560
1859188,2,2360,15544,-1592
1861189,2,1880,15536,-1696
1864188,2,2224,15648,-1552
1866189,2,2180,15792,-1308
1869188,2,1320,15916,-1540
1871189,2,508,16132,-1792
1874188,2,1128,16380,-1452
1876189,2,1676,16580,-1448
1879188,2,1480,16944,-1524
1881189,2,1380,17020,-1784
1884188,2,2532,17156,-1460
1886189,2,3076,17280,-1400
1889188,2,2908,17116,-1528
1891189,2,2228,17024,-1596
1894188,2,2460,16844,-1500
1896189,2,2280,16744,-1552
1899188,2,1204,16380,-1644
1901189,2,824,16036,-1704
1904188,2,1452,15884,-1348
1906189,2,1900,15740,-1340
1909188,2,1500,15744,-1676
1911189,2,1448,15628,-1796
1914188,2,2208,15744,-1624
1916189,2,2532,15640,-1556
1919188,2,1672,15752,-1720
1921189,2,1260,15860,-1768
1924188,2,1500,15952,-1496
1926189,2,1316,15968,-1372
1929188,2,416,16000,-1396
1931189,2,156,15928,-1476
1934188,2,904,15908,-1220
1936189,2,1356,15892,-1080
1939188,2,1276,15880,-1152
1941189,2,1284,15972,-1272
1944188,2,2220,15884,-1264
1946189,2,2664,15992,-976
1949188,2,2068,16068,-1012
1951189,2,1796,16084,-1096
1954188,2,2180,16136,-940
1956189,2,2072,16212,-812
1959188,2,1112,16188,-1000
1961189,2,1052,16268,-1088
1964188,2,1820,16496,-1428
1966189,2,2032,16512,-1620
1969188,2,1576,16644,-2136
1971189,2,1684,16628,-2248
1974188,2,2480,16664,-1964
1976189,2,2476,16624,-2100
1979188,2,1880,16464,-2292
1981189,2,1540,16436,-2220
1984188,2,1840,16348,-2124
1986189,2,1896,16324,-1980
1989188,2,1244,16180,-1884
1991189,2,1068,16116,-1840
1994188,2,1660,16032,-1496
1996189,2,2052,16004,-1216
1999188,2,1700,15852,-1504
2001189,2,1872,15852,-1448
2004188,2,2364,15880,-1124
2006189,2,2248,15904,-1172
2009188,2,1416,15956,-1268
2011189,2,1356,15948,-1400
2014188,2,1492,16008,-1192
2016189,2,1336,16160,-1072
2019188,2,960,16064,-1160
2021189,2,868,16080,-1036
2024188,2,1500,16180,-1064
2026189,2,1668,16116,-880
2029188,2,1484,16108,-1164
2031189,2,1512,16076,-1016
2034188,2,2148,16120,-1156
2036189,2,2264,16060,-1128
2039188,2,1728,16000,-1404
2041189,2,1504,15924,-1416
2044188,2,1788,15824,-1236
2046189,2,1712,15760,-1416
2049188,2,1272,15960,-1544
2051189,2,1584,16136,-1960
2054188,2,1996,16372,-2076
2056189,2,1912,16428,-2056
2059188,2,1752,16508,-2108
2061189,2,1856,16612,-2112
2064188,2,2272,16496,-1880
2066189,2,1908,16576,-1820
2069188,2,1468,16580,-1964
2071189,2,1512,16564,-1812
2074188,2,1888,16640,-1716
2076189,2,1660,16380,-1580
2079188,2,1404,16156,-1588
2081189,2,1692,16124,-1332
2084188,2,2092,16024,-1116
2086189,2,2176,16036,-1136
2089188,2,1900,15968,-1356
2091189,2,2008,15940,-1268
2094188,2,2188,15952,-1028
2096189,2,2000,16060,-1136
2099188,2,1392,16112,-1152
2101189,2,1364,16164,-1064
2104188,2,1320,16144,-1168
2106189,2,1200,16028,-1348
2109188,2,960,16076,-1408
2111189,2,1292,16184,-1484
2114188,2,1512,16104,-1480
2116189,2,1364,15944,-1480
2119188,2,1432,15844,-1700
2121189,2,1648,15904,-1544
2124188,2,1788,15732,-1472
2126189,2,1772,15736,-1544
2129188,2,1596,15752,-1596
2131189,2,1808,15684,-1508
2134188,2,1852,15952,-1500
2136189,2,1816,16076,-1736
2139188,2,1632,16256,-1644
2141189,2,1908,16420,-1588
2144188,2,2016,16612,-1656
2146189,2,1980,16596,-1572
2149188,2,1764,16684,-1704
2151189,2,1824,16684,-1644
2154188,2,1936,16740,-1636
2156189,2,1564,16680,-1560
2159188,2,1676,16648,-1576
2161189,2,1640,16512,-1424
2164188,2,1852,16312,-1524
2166189,2,1796,16176,-1492
2169188,2,1856,15960,-1480
2171189,2,2020,15852,-1480
2174188,2,1988,15892,-1412
2176189,2,1960,15768,-1456
2179188,2,1804,15720,-1644
2181189,2,1572,15712,-1604
2184188,2,1392,15852,-1572
2186189,2,1264,15820,-1652
2189188,2,1048,15880,-1776
2191189,2,1116,15892,-1588
2194188,2,1228,16048,-1492
2196189,2,1228,16064,-1436
2199188,2,1360,16124,-1460
2201189,2,1548,16104,-1252
2204188,2,1700,16116,-1168
2206189,2,1780,16088,-1332
2209188,2,1728,15996,-1348
2211189,2,1864,16056,-1196
2214188,2,1696,15932,-1300
2216189,2,1696,16000,-1400
2219188,2,1656,16096,-1384
2221189,2,1828,16124,-1264
2224188,2,1868,16320,-1512
2226189,2,1872,16372,-1556
2229188,2,1996,16476,-1428
2231189,2,1860,16556,-1464
2234188,2,1864,16536,-1636
2236189,2,1872,16616,-1804
2239188,2,1760,16628,-1632
2241189,2,1612,16504,-1716
2244188,2,1508,16400,-1724
2246189,2,1508,16332,-1912
2249188,2,1636,16152,-1824
2251189,2,1580,16192,-1828
2254188,2,1824,15924,-1704
2256189,2,1860,15944,-1668
2259188,2,1932,15800,-1572
2261189,2,1996,15912,-1436
2264188,2,1856,15908,-1404
2266189,2,1728,15904,-1172
2269188,2,1616,15940,-1260
2271189,2,1340,16024,-1116
2274188,2,1372,16116,-1140
2276189,2,1244,16048,-1164
2279188,2,1328,16172,-1328
2281189,2,1428,16144,-1324
2284188,2,1716,16164,-1328
2286189,2,1516,16156,-1344
2289188,2,1732,16104,-1308
2291189,2,1724,16192,-1368
2294188,2,1688,16060,-1280
2296189,2,1684,16176,-1504
2299188,2,1572,16088,-1344
2301189,2,1612,16048,-1232
2304188,2,1720,15984,-1336
2306189,2,1812,16088,-1460
2309188,2,1880,16184,-1596
2311189,2,1912,16200,-1716
2314188,2,2016,16344,-1824
2316189,2,2000,16280,-1844
2319188,2,1864,16364,-1868
2321189,2,1840,16416,-1948
2324188,2,1640,16468,-1848
2326189,2,1472,16460,-1852
2329188,2,1416,16404,-1736
2331189,2,1456,16380,-1692
2334188,2,1452,16276,-1712
2336189,2,1608,16276,-1448
2339188,2,1724,16176,-1412
2341189,2,1976,16128,-1244
2344188,2,2100,15916,-1392
2346189,2,2132,16032,-1184
2349188,2,2008,15904,-1208
2351189,2,1784,15908,-1304
2354188,2,1636,15800,-1240
2356189,2,1548,15976,-1236
2359188,2,1260,16000,-1344
2361189,2,1292,16020,-1248
2364188,2,1176,16064,-1412
2366189,2,1320,16096,-1384
2369188,2,1552,16128,-1492
2371189,2,1720,16148,-1404
2374188,2,1884,16180,-1516
2376189,2,1896,16188,-1332
2379188,2,1760,16112,-1480
2381189,2,1740,16040,-1368
2384188,2,1600,16004,-1496
2386189,2,1580,15888,-1572
2389188,2,1612,15988,-1628
2391189,2,1608,15988,-1624
2394188,2,1700,16028,-1816
2396189,2,1940,16112,-1828
2399188,2,2032,16284,-1856
2401189,2,2056,16348,-1920
2404188,2,1960,16280,-1944
2406189,2,1968,16424,-1832
2409188,2,1668,16516,-1560
2411189,2,1520,16528,-1488
2414188,2,1440,16560,-1432
2416189,2,1376,16452,-1328
2419188,2,1372,16376,-1308
2421189,2,1500,16240,-1056
2424188,2,1816,16212,-1128
2426189,2,2036,16116,-1292
2429188,2,2124,16064,-1304
2431189,2,2180,16008,-1372
2434188,2,2080,15948,-1560
2436189,2,2044,15804,-1452
2439188,2,1636,15828,-1556
2441189,2,1488,15952,-1452
2444188,2,1316,15984,-1372
2446189,2,1268,16020,-1544
2449188,2,1120,16200,-1420
2451189,2,1232,16144,-1532
2454188,2,1456,16228,-1492
2456189,2,1572,16132,-1560
2459188,2,1684,16288,-1516
2461189,2,1764,16100,-1560
2464188,2,1772,16096,-1444
2466189,2,1896,16028,-1632
2469188,2,1780,15988,-1536
2471189,2,1644,15928,-1496
2474188,2,1716,16124,-1568
2476189,2,1812,16116,-1536
2479188,2,1892,16204,-1508
2481189,2,1884,16292,-1460
2484188,2,1904,16352,-1372
2486189,2,1968,16440,-1552
2489188,2,1868,16492,-1496
2491189,2,1928,16576,-1416
2494188,2,1616,16588,-1424
2496189,2,1604,16484,-1460
2499188,2,1472,16292,-1424
2501189,2,1428,16244,-1428
2504188,2,1436,16188,-1444
2506189,2,1648,16084,-1480
2509188,2,1684,15988,-1672
2511189,2,1724,16048,-1648
2514188,2,1968,15808,-1676
2516189,2,2048,15848,-1540
2519188,2,1992,16004,-1552
2521189,2,1928,15884,-1556
2524188,2,1668,15976,-1584
2526189,2,1528,16000,-1372
2529188,2,1220,16148,-1448
2531189,2,1196,16144,-1408
2534188,2,1200,16228,-1296
2536189,2,1268,16232,-1444
2539188,2,1516,16180,-1424
2541189,2,1584,16224,-1544
2544188,2,1876,16204,-1408
2546189,2,1952,16116,-1304
2549188,2,2024,16096,-1324
2551189,2,2140,16028,-1504
2554188,2,1900,16072,-1496
2556189,2,1788,16048,-1396
2559188,2,1688,16004,-1476
2561189,2,1704,16260,-1444
2564188,2,1600,16292,-1556
2566189,2,1724,16300,-1608
2569188,2,1708,16464,-1492
2571189,2,1728,16444,-1756
2574188,2,1932,16384,-1616
2576189,2,1768,16492,-1572
2579188,2,1660,16344,-1716
2581189,2,1596,16188,-1708
2584188,2,1560,16180,-1668
2586189,2,1544,16152,-1440
2589188,2,1512,15984,-1480
2591189,2,1536,15964,-1432
2594188,2,1628,15888,-1612
2596189,2,1884,15868,-1424
2599188,2,1836,15976,-1384
2601189,2,1812,15992,-1360
2604188,2,1880,15976,-1416
2606189,2,1740,15964,-1464
2609188,2,1592,16056,-1360
2611189,2,1464,16120,-1364
2614188,2,1272,16128,-1352
2616189,2,1324,16240,-1296
2619188,2,1364,16276,-1344
2621189,2,1364,16080,-1304
2624188,2,1672,16220,-1264
2626189,2,1608,16236,-1436
2629188,2,1796,16200,-1476
2631189,2,1904,16220,-1676
2634188,2,1956,16144,-1520
2636189,2,1940,16068,-1444
2639188,2,1908,16088,-1596
2641189,2,1828,16048,-1516
2644188,2,1732,16100,-1540
2646189,2,1872,16172,-1596
2649188,2,1644,16292,-1760
2651189,2,1728,16292,-1560
2654188,2,1636,16292,-1640
2656189,2,1664,16232,-1756
2659188,2,1656,16404,-1560
2661189,2,1592,16348,-1616
2664188,2,1672,16356,-1748
2666189,2,1612,16136,-1672
2669188,2,1544,16192,-1504
2671189,2,1656,16112,-1588
2674188,2,1820,16080,-1380
2676189,2,1740,16064,-1288
2679188,2,1748,15964,-1436
2681189,2,1800,15960,-1324
2684188,2,1824,16064,-1368
2686189,2,1800,16020,-1320
2689188,2,1716,15956,-1436
2691189,2,1672,16164,-1424
2694188,2,1568,16152,-1292
2696189,2,1536,16164,-1412
2699188,2,1364,16304,-1368
2701189,2,1428,16212,-1436
2704188,2,1432,16208,-1580
2706189,2,1648,16208,-1488
2709188,2,1620,16136,-1392
2711189,2,1764,16136,-1572
2714188,2,1856,16132,-1544
2716189,2,1880,16104,-1500
2719188,2,1988,16100,-1648
2721189,2,1820,16024,-1680
2724188,2,1908,16116,-1708
2726189,2,1872,16128,-1584
2729188,2,1696,16112,-1748
2731189,2,1672,16084,-1556
2734188,2,1592,16212,-1552
2736189,2,1568,16288,-1644
2739188,2,1624,16420,-1540
2741189,2,1624,16304,-1500
2744188,2,1720,16324,-1376
2746189,2,1688,16292,-1476
2749188,2,1704,16252,-1336
2751189,2,1748,16180,-1424
2754188,2,1720,16056,-1248
2756189,2,1716,16052,-1364
2759188,2,1680,15964,-1500
2761189,2,1700,16048,-1460
2764188,2,1740,15912,-1468
2766189,2,1708,15936,-1556
2769188,2,1628,16052,-1500
2771189,2,1588,16036,-1600
2774188,2,1712,16092,-1576
2776189,2,1620,16100,-1464
2779188,2,1528,16164,-1528
2781189,2,1404,16168,-1412
2784188,2,1536,16140,-1460
2786189,2,1540,16128,-1532
2789188,2,1568,16276,-1640
2791189,2,1592,16244,-1580
2794188,2,1812,16192,-1652
2796189,2,1796,16128,-1684
2799188,2,1900,16188,-1568
2801189,2,2056,16084,-1616
2804188,2,1968,16200,-1824
2806189,2,1944,16236,-1512
2809188,2,1928,16296,-1540
2811189,2,1700,16184,-1440
2814188,2,1644,16320,-1508
2816189,2,1556,16292,-1448
2819188,2,1644,16308,-1412
2821189,2,1544,16280,-1420
2824188,2,1620,16272,-1604
2826189,2,1624,16344,-1324
2829188,2,1732,16168,-1524
2831189,2,1772,16060,-1536
2834188,2,1780,16128,-1552
2836189,2,1796,15992,-1552
2839188,2,1752,15952,-1492
2841189,2,1764,16020,-1496
2844188,2,1584,15904,-1664
2846189,2,1624,15940,-1520
2849188,2,1648,16020,-1516
2851189,2,1632,16120,-1484
2854188,2,1668,16120,-1308
2856189,2,1628,16156,-1312
2859188,2,1720,16124,-1432
2861189,2,1672,16216,-1492
2864188,2,1612,16296,-1432
2866189,2,1736,16224,-1196
2869188,2,1636,16256,-1476
2871189,2,1632,16160,-1560
2874188,2,1656,16200,-1564
2876189,2,1700,16184,-1600
2879188,2,1796,16172,-1696
2881189,2,1832,16108,-1556
2884188,2,1980,16220,-1548
2886189,2,1932,16076,-1536
2889188,2,1980,16180,-1476
2891189,2,1816,16272,-1488
2894188,2,1656,16248,-1484
2896189,2,1524,16316,-1356
2899188,2,1564,16208,-1276
2901189,2,1488,16200,-1472
2904188,2,1480,16176,-1388
2906189,2,1556,16080,-1468
2909188,2,1552,16172,-1588
2911189,2,1704,16136,-1552
2914188,2,1700,16172,-1556
2916189,2,1680,15980,-1676
2919188,2,1716,16140,-1472
2921189,2,1708,16092,-1552
2924188,2,1676,16024,-1344
2926189,2,1632,16080,-1412
2929188,2,1476,16112,-1556
2931189,2,1568,16132,-1356
2934188,2,1572,16152,-1508
2936189,2,1640,16048,-1304
2939188,2,1704,16144,-1428
2941189,2,1716,16196,-1536
2944188,2,1712,16156,-1464
2946189,2,1676,16204,-1420
2949188,2,1712,16196,-1496
2951189,2,1652,16248,-1460
2954188,2,1796,16216,-1548
2956189,2,1700,16176,-1344
2959188,2,1628,16208,-1496
2961189,2,1680,16208,-1472
2964188,2,1736,16280,-1440
2966189,2,1844,16240,-1380
2969188,2,1904,16180,-1468
2971189,2,1820,16160,-1628
2974188,2,1892,16180,-1452
2976189,2,1708,16144,-1596
2979188,2,1776,16148,-1600
2981189,2,1696,16164,-1632
2984188,2,1616,16108,-1632
2986189,2,1460,16160,-1692
2989188,2,1512,16072,-1512
2991189,2,1548,16136,-1436
2994188,2,1552,16148,-1580
2996189,2,1552,16096,-1416
2999188,2,1708,16152,-1344
3001189,2,1776,16084,-1504
3004188,2,1684,16052,-1312
3006189,2,1788,16092,-1408
3009188,2,1664,16120,-1288
3011189,2,1660,16092,-1444
3014188,2,1520,16044,-1560
3016189,2,1532,16048,-1532
3019188,2,1524,16180,-1396
3021189,2,1624,16216,-1380
3024188,2,1744,16176,-1444
3026189,2,1724,16184,-1528
3029188,2,1732,16232,-1480
3031189,2,1736,16248,-1432
3034188,2,1716,16152,-1576
3036189,2,1804,16256,-1696
3039188,2,1652,16240,-1440
3041189,2,1612,16196,-1640
3044188,2,1660,16292,-1564
3046189,2,1604,16232,-1524
3049188,2,1608,16120,-1504
3051189,2,1732,16272,-1508
3054188,2,1736,16164,-1672
3056189,2,1704,16152,-1656
3059188,2,1772,16192,-1436
3061189,2,1808,16116,-1392
3064188,2,1772,16112,-1496
3066189,2,1668,16080,-1316
3069188,2,1620,16152,-1468
3071189,2,1752,16060,-1384
3074188,2,1556,16120,-1436
3076189,2,1572,16064,-1360
3079188,2,1516,16040,-1412
3081189,2,1636,16072,-1368
3084188,2,1732,16160,-1380
3086189,2,1664,16120,-1456
3089188,2,1736,16052,-1472
3091189,2,1712,16152,-1452
3094188,2,1692,16164,-1492
3096189,2,1684,16184,-1676
3099188,2,1724,16216,-1368
3101189,2,1676,16176,-1616
3104188,2,1652,16184,-1608
3106189,2,1652,16092,-1596
3109188,2,1688,16192,-1556
3111189,2,1852,16272,-1532
3114188,2,1844,16172,-1616
3116189,2,1764,16272,-1548
3119188,2,1824,16184,-1644
3121189,2,1680,16300,-1576
3124188,2,1692,16192,-1472
3126189,2,1700,16216,-1616
3129188,2,1648,16192,-1620
3131189,2,1528,16168,-1520
3134188,2,1636,16192,-1520
3136189,2,1712,16172,-1432
3139188,2,1600,16132,-1524
3141189,2,1776,16044,-1476
3144188,2,1804,16092,-1336
3146189,2,1860,16164,-1236
3149188,2,1888,16108,-1412
3151189,2,1776,16108,-1396
3154188,2,1548,16080,-1360
3156189,2,1592,16104,-1588
3159188,2,1596,16072,-1468
3161189,2,1528,16132,-1316
3164188,2,1552,16172,-1404
3166189,2,1576,16116,-1392
3169188,2,1604,16176,-1468
3171189,2,1744,16148,-1536
3174188,2,1748,16076,-1396
3176189,2,1680,16152,-1464
3179188,2,1712,16168,-1568
3181189,2,1824,16204,-1488
3184188,2,1732,16116,-1460
3186189,2,1728,16188,-1592
3189188,2,1708,16124,-1592
3191189,2,1676,16124,-1448
3194188,2,1628,16140,-1520
3196189,2,1664,16192,-1512
3199188,2,1628,16176,-1668
3201189,2,1724,16192,-1664
3204188,2,1716,16224,-1552
3206189,2,1776,16192,-1492
3209188,2,1724,16140,-1360
3211189,2,1712,16196,-1464
3214188,2,1696,16208,-1348
3216189,2,1688,16176,-1412
3219188,2,1628,16160,-1476
3221189,2,1652,16184,-1460
3224188,2,1704,16060,-1656
3226189,2,1768,16100,-1436
3229188,2,1616,16060,-1524
3231189,2,1748,16044,-1412
3234188,2,1644,16084,-1504
3236189,2,1692,16072,-1480
3239188,2,1584,16100,-1572
3241189,2,1600,16044,-1620
3244188,2,1476,16156,-1460
3246189,2,1584,16064,-1564
3249188,2,1552,16204,-1480
3251189,2,1488,16176,-1432
3254188,2,1656,16176,-1604
3256189,2,1716,16100,-1520
3259188,2,1752,16224,-1532
3261189,2,1812,16156,-1524
3264188,2,1880,16180,-1556
3266189,2,1808,16204,-1536
3269188,2,1780,16112,-1456
3271189,2,1820,16128,-1472
3274188,2,1716,16076,-1456
3276189,2,1660,16284,-1432
3279188,2,1628,16240,-1472
3281189,2,1604,16136,-1352
3284188,2,1700,16332,-1560
3286189,2,1620,16200,-1428
3289188,2,1744,16268,-1492
3291189,2,1704,16136,-1608
3294188,2,1676,16116,-1592
3296189,2,1676,16232,-1628
3299188,2,1576,16036,-1512
3301189,2,1672,16176,-1580
3304188,2,1564,16104,-1400
3306189,2,1668,16160,-1556
3309188,2,1644,16032,-1564
3311189,2,1752,16040,-1524
3314188,2,1772,15988,-1484
3316189,2,1712,16164,-1460
3319188,2,1784,16180,-1508
3321189,2,1740,16104,-1496
3324188,2,1576,16168,-1392
3326189,2,1752,16200,-1408
3329188,2,1688,16244,-1432
3331189,2,1688,16196,-1484
3334188,2,1648,16284,-1532
3336189,2,1612,16220,-1468
3339188,2,1720,16180,-1492
3341189,2,1760,16208,-1496
3344188,2,1720,16148,-1540
3346189,2,1772,16184,-1600
3349188,2,1732,16148,-1580
3351189,2,1796,16160,-1500
3354188,2,1780,16088,-1572
3356189,2,1820,16148,-1500
3359188,2,1756,16192,-1524
3361189,2,1684,16172,-1648
3364188,2,1688,16160,-1596
3366189,2,1708,16152,-1576
3369188,2,1584,16160,-1476
3371189,2,1564,16172,-1500
3374188,2,1792,16120,-1372
3376189,2,1672,16108,-1456
3379188,2,1644,16104,-1492
3381189,2,1624,16000,-1564
3384188,2,1576,16072,-1388
3386189,2,1656,16160,-1484
3389188,2,1704,16092,-1468
3391189,2,1600,16080,-1304
3394188,2,1708,16112,-1368
3396189,2,1636,16148,-1528
3399188,2,1728,16208,-1452
3401189,2,1704,16232,-1464
3404188,2,1720,16144,-1368
3406189,2,1660,16192,-1564
3409188,2,1692,16208,-1460
3411189,2,1628,16224,-1524
3414188,2,1584,16176,-1536
3416189,2,1648,16288,-1632
3419188,2,1596,16228,-1516
3421189,2,1712,16156,-1580
3424188,2,1724,16284,-1416
3426189,2,1820,16076,-1628
3429188,2,1860,16212,-1624
3431189,2,1820,16184,-1668
3434188,2,1604,16136,-1604
3436189,2,1628,16180,-1596
3439188,2,1724,16284,-1600
3441189,2,1600,16048,-1596
3444188,2,1680,16152,-1528
3446189,2,1700,16120,-1448
3449188,2,1528,16092,-1476
3451189,2,1596,16192,-1552
3454188,2,1660,16212,-1516
3456189,2,1768,16128,-1376
3459188,2,1748,16136,-1364
3461189,2,1672,16100,-1516
3464188,2,1716,16132,-1460
3466189,2,1652,16036,-1280
3469188,2,1616,16004,-1472
3471189,2,1676,16120,-1428
3474188,2,1596,16028,-1328
3476189,2,1708,16128,-1516
3479188,2,1596,16136,-1424
3481189,2,1628,16084,-1408
3484188,2,1716,16104,-1416
3486189,2,1896,16184,-1576
3489188,2,1764,16184,-1436
3491189,2,1724,16152,-1532
3494188,2,1712,16228,-1468
3496189,2,1712,16200,-1620
3499188,2,1660,16264,-1456
3501189,2,1704,16192,-1612
3504188,2,1584,16228,-1472
3506189,2,1648,16208,-1628
3509188,2,1652,16200,-1656
3511189,2,1660,16188,-1544
3514188,2,1680,16096,-1552
3516189,2,1840,16216,-1664
3519188,2,1724,16076,-1676
3521189,2,1684,16224,-1576
3524188,2,1648,16216,-1508
3526189,2,1692,16096,-1436
3529188,2,1560,16140,-1360
3531189,2,1600,16128,-1416
3534188,2,1584,16092,-1404
3536189,2,1592,16096,-1408
3539188,2,1684,16112,-1528
3541189,2,1884,16048,-1452
3544188,2,1756,16132,-1468
3546189,2,1828,16088,-1448
3549188,2,1744,16080,-1532
3551189,2,1760,16144,-1400
3554188,2,1692,16112,-1528
3556189,2,1716,16152,-1408
3559188,2,1656,16172,-1540
3561189,2,1576,16192,-1596
3564188,2,1584,16164,-1348
3566189,2,1672,16196,-1524
3569188,2,1716,16260,-1416
3571189,2,1740,16208,-1788
3574188,2,1736,16208,-1704
3576189,2,1784,16096,-1648
3579188,2,1704,16092,-1628
3581189,2,1696,16096,-1596
3584188,2,1708,16212,-1424
3586189,2,1664,16128,-1660
3589188,2,1572,16216,-1412
3591189,2,1660,16236,-1452
3594188,2,1684,16184,-1460
3596189,2,1636,16156,-1460
3599188,2,1608,16124,-1372
3601189,2,1696,16176,-1428
3604188,2,1780,16140,-1404
3606189,2,1772,16184,-1460
3609188,2,1736,16168,-1276
3611189,2,1596,16096,-1576
3614188,2,1680,16128,-1508
3616189,2,1632,16104,-1648
3619188,2,1636,16136,-1452
3621189,2,1612,16164,-1292
3624188,2,1580,16208,-1460
3626189,2,1552,16108,-1612
3629188,2,1752,16152,-1624
3631189,2,1764,16200,-1632
3634188,2,1636,16168,-1552
3636189,2,1708,16092,-1512
3639188,2,1760,16120,-1500
3641189,2,1712,16256,-1520
3644188,2,1652,16152,-1516
3646189,2,1700,16128,-1556
3649188,2,1724,16172,-1520
3651189,2,1612,16160,-1468
3654188,2,1816,16120,-1744
3656189,2,1744,16132,-1464
3659188,2,1752,16160,-1540
3661189,2,1772,16140,-1520
3664188,2,1704,16228,-1436
3666189,2,1732,16172,-1480
3669188,2,1732,16172,-1484
3671189,2,1724,16104,-1424
3674188,2,1716,16120,-1376
3676189,2,1656,16160,-1404
3679188,2,1584,16132,-1384
3681189,2,1608,16092,-1472
3684188,2,1572,16020,-1348
3686189,2,1600,16080,-1276
3689188,2,1712,16064,-1508
3691189,2,1720,16012,-1364
3694188,2,1724,16036,-1392
3696189,2,1648,16036,-1576
3699188,2,1696,16172,-1608
3701189,2,1632,16232,-1552
3704188,2,1656,16164,-1532
3706189,2,1584,16196,-1580
3709188,2,1748,16124,-1516
3711189,2,1688,16156,-1552
3714188,2,1672,16168,-1572
3716189,2,1756,16220,-1572
3719188,2,1688,16232,-1424
3721189,2,1656,16128,-1392
3724188,2,1652,16172,-1660
3726189,2,1632,16164,-1448
3729188,2,1748,16148,-1504
3731189,2,1776,16220,-1496
3734188,2,1640,16080,-1428
3736189,2,1724,16200,-1392
3739188,2,1672,16160,-1484
3741189,2,1684,16136,-1524
3744188,2,1748,16168,-1404
3746189,2,1768,16184,-1464
3749188,2,1704,16112,-1312
3751189,2,1716,16172,-1552
3754188,2,1652,16116,-1736
3756189,2,1548,16108,-1628
3759188,2,1652,16148,-1344
3761189,2,1804,16048,-1592
3764188,2,1588,16128,-1548
3766189,2,1628,16084,-1552
3769188,2,1700,16140,-1636
3771189,2,1684,16128,-1600
3774188,2,1736,16104,-1336
3776189,2,1760,16108,-1368
3779188,2,1680,16072,-1572
3781189,2,1772,16112,-1440
3784188,2,1840,16136,-1428
3786189,2,1764,16204,-1644
3789188,2,1612,16184,-1612
3791189,2,1652,16136,-1616
3794188,2,1648,16200,-1496
3796189,2,1664,16172,-1528
3799188,2,1600,16276,-1528
3801189,2,1684,16224,-1436
3804188,2,1724,16128,-1576
3806189,2,1724,16108,-1544
3809188,2,1632,16156,-1484
3811189,2,1780,16156,-1688
3814188,2,1764,16248,-1452
3816189,2,1600,16116,-1532
3819188,2,1640,16072,-1440
3821189,2,1568,16196,-1460
3824188,2,1716,16088,-1420
3826189,2,1696,16116,-1372
3829188,2,1684,16140,-1580
3831189,2,1700,16096,-1464
3834188,2,1648,16172,-1532
3836189,2,1736,16092,-1504
3839188,2,1760,16164,-1684
3841189,2,1744,16068,-1436
3844188,2,1740,16088,-1476
3846189,2,1652,16228,-1512
3849188,2,1660,16244,-1428
3851189,2,1700,16212,-1448
3854188,2,1608,16140,-1592
3856189,2,1736,16144,-1440
3859188,2,1612,16172,-1444
3861189,2,1700,16140,-1452
3864188,2,1680,16272,-1536
3866189,2,1636,16164,-1416
3869188,2,1760,16144,-1596
3871189,2,1764,16272,-1432
3874188,2,1672,16144,-1568
3876189,2,1720,16180,-1480
3879188,2,1620,16160,-1512
3881189,2,1692,16156,-1572
3884188,2,1720,16116,-1492
3886189,2,1664,16204,-1348
3889188,2,1696,16168,-1608
3891189,2,1588,16144,-1536
3894188,2,1696,16164,-1456
3896189,2,1676,16140,-1524
3899188,2,1700,16088,-1640
3901189,2,1680,16096,-1496
3904188,2,1712,16120,-1480
3906189,2,1592,16196,-1404
3909188,2,1660,16232,-1412
3911189,2,1600,16152,-1580
3914188,2,1692,16088,-1544
3916189,2,1708,16200,-1372
3919188,2,1772,16120,-1472
3921189,2,1708,16100,-1552
3924188,2,1656,16176,-1436
3926189,2,1724,16148,-1408
3929188,2,1700,16164,-1608
3931189,2,1720,16220,-1548
3934188,2,1692,16140,-1428
3936189,2,1592,16136,-1600
3939188,2,1692,16144,-1428
3941189,2,1724,16212,-1432
3944188,2,1724,16184,-1536
3946189,2,1692,16104,-1420
3949188,2,1672,16196,-1552
3951189,2,1708,16192,-1456
3954188,2,1692,16112,-1564
3956189,2,1776,16156,-1628
3959188,2,1688,16200,-1484
3961189,2,1648,16156,-1532
3964188,2,1708,16164,-1428
3966189,2,1664,16224,-1420
3969188,2,1776,16180,-1508
3971189,2,1676,16048,-1460
3974188,2,1664,16252,-1560
3976189,2,1808,16204,-1372
3979188,2,1688,16168,-1396
3981189,2,1764,16164,-1508
3984188,2,1692,15980,-1468
3986189,2,1628,16180,-1396
3989188,2,1596,16188,-1532
3991189,2,1744,16192,-1368
3994188,2,1660,16124,-1436
3996189,2,1604,16228,-1532
3999188,2,1596,16156,-1448
4001189,2,1760,16152,-1416
4004188,2,1744,16128,-1576
4006189,2,1776,16188,-1468
4009188,2,1692,16116,-1620
4011189,2,1780,16040,-1484
4014188,2,1680,16112,-1440
4016189,2,1672,16132,-1516
4019188,2,1648,16104,-1344
4021189,2,1696,16184,-1560
4024188,2,1756,16124,-1512
4026189,2,1760,16092,-1588
4029188,2,1764,16160,-1544
4031189,2,1772,16204,-1432
4034188,2,1728,16144,-1636
4036189,2,1648,16184,-1548
4039188,2,1724,16124,-1628
4041189,2,1772,16228,-1612
4044188,2,1476,16096,-1376
4046189,2,1660,16152,-1392
4049188,2,1708,16168,-1472
4051189,2,1596,16280,-1572
4054188,2,1784,16164,-1480
4056189,2,1684,16116,-1604
4059188,2,1676,16152,-1500
4061189,2,1704,16112,-1460
4064188,2,1732,16168,-1500
4066189,2,1700,16136,-1440
4069188,2,1680,16152,-1500
4071189,2,1508,16196,-1644
4074188,2,1680,16072,-1468
4076189,2,1660,16140,-1372
4079188,2,1580,16132,-1436
4081189,2,1640,16228,-1536
4084188,2,1696,16168,-1528
4086189,2,1724,16228,-1380
4089188,2,1708,16172,-1588
4091189,2,1768,16140,-1592
4094188,2,1724,16264,-1572
4096189,2,1744,16204,-1596
4099188,2,1652,16176,-1416
4101189,2,1636,16108,-1520
4104188,2,1672,16148,-1536
4106189,2,1628,16148,-1480
4109188,2,1600,16196,-1604
4111189,2,1708,16144,-1492
4114188,2,1760,16152,-1396
4116189,2,1696,16180,-1376
4119188,2,1668,16192,-1516
4121189,2,1716,16208,-1504
4124188,2,1696,16100,-1436
4126189,2,1676,16128,-1360
4129188,2,1748,16092,-1464
4131189,2,1632,16096,-1432
4134188,2,1648,16196,-1572
4136189,2,1608,16120,-1472
4139188,2,1620,16072,-1412
4141189,2,1720,16168,-1624
4144188,2,1588,16100,-1468
4146189,2,1724,16064,-1508
4149188,2,1756,16144,-1440
4151189,2,1760,16112,-1424
4154188,2,1576,16152,-1492
4156189,2,1656,16040,-1512
4159188,2,1704,16248,-1536
4161189,2,1684,16112,-1372
4164188,2,1620,16132,-1612
4166189,2,1624,16116,-1560
4169188,2,1652,16104,-1528
4171189,2,1600,16160,-1624
4174188,2,1608,16128,-1312
4176189,2,1712,16212,-1404
4179188,2,1756,16184,-1404
4181189,2,1720,16136,-1512
4184188,2,1664,16244,-1532
4186189,2,1736,16120,-1520
4189188,2,1612,16240,-1416
4191189,2,1648,16096,-1500
4194188,2,1660,16172,-1384
4196189,2,1728,16216,-1508
4199188,2,1732,16148,-1332
4201189,2,1716,16108,-1500
4204188,2,1644,16160,-1444
4206189,2,1708,16120,-1468
4209188,2,1628,16160,-1604
4211189,2,1692,16148,-1612
4214188,2,1632,16176,-1492
4216189,2,1668,16128,-1612
4219188,2,1612,16244,-1416
4221189,2,1592,16132,-1496
4224188,2,1528,16180,-1492
4226189,2,1612,16080,-1488
4229188,2,1712,16164,-1432
4231189,2,1664,16088,-1428
4234188,2,1676,16212,-1444
4236189,2,1788,16096,-1612
4239188,2,1628,16124,-1552
4241189,2,1716,16072,-1500
4244188,2,1788,16132,-1536
4246189,2,1676,16164,-1516
4249188,2,1796,16184,-1460
4251189,2,1668,16184,-1584
4254188,2,1708,16092,-1504
4256189,2,1668,16200,-1336
4259188,2,1760,16096,-1488
4261189,2,1676,16164,-1484
4264188,2,1760,16220,-1584
4266189,2,1688,16140,-1448
4269188,2,1684,16084,-1524
4271189,2,1716,16252,-1528
4274188,2,1696,16180,-1364
4276189,2,1756,16200,-1616
4279188,2,1748,16192,-1528
4281189,2,1588,16092,-1444
4284188,2,1748,16076,-1668
4286189,2,1676,16072,-1388
4289188,2,1632,16064,-1536
4291189,2,1760,16076,-1528
4294188,2,1736,16208,-1584
4296189,2,1640,16116,-1352
4299188,2,1664,16192,-1608
4301189,2,1724,16208,-1436
4304188,2,1712,16216,-1480
4306189,2,1712,16172,-1464
4309188,2,1744,16144,-1356
4311189,2,1684,16108,-1548
4314188,2,1808,16168,-1592
4316189,2,1676,16116,-1540
4319188,2,1664,16096,-1448
4321189,2,1668,16148,-1492
4324188,2,1788,16152,-1564
4326189,2,1712,16096,-1484
4329188,2,1656,16128,-1492
4331189,2,1688,16116,-1356
4334188,2,1636,16256,-1488
4336189,2,1628,16124,-1400
4339188,2,1692,16240,-1620
4341189,2,1604,16168,-1576
4344188,2,1624,16200,-1476
4346189,2,1760,16184,-1544
4349188,2,1672,16136,-1472
4351189,2,1672,16192,-1612
4354188,2,1668,16248,-1604
4356189,2,1708,16184,-1344
4359188,2,1720,16152,-1400
4361189,2,1760,16128,-1468
4364188,2,1772,16236,-1448
4366189,2,1660,16176,-1588
4369188,2,1828,16108,-1392
4371189,2,1632,16128,-1468
4374188,2,1628,16096,-1488
4376189,2,1744,15956,-1400
4379188,2,1640,16084,-1500
4381189,2,1692,16164,-1440
4384188,2,1708,16192,-1560
4386189,2,1656,16172,-1648
4389188,2,1740,16112,-1508
4391189,2,1712,16052,-1524
4394188,2,1676,16108,-1448
4396189,2,1644,16236,-1512
4399188,2,1532,16176,-1512
4401189,2,1696,16168,-1304
4404188,2,1660,16132,-1456
4406189,2,1704,16244,-1432
4409188,2,1760,16024,-1528
4411189,2,1708,16180,-1360
4414188,2,1688,16220,-1484
4416189,2,1724,16080,-1556
4419188,2,1668,16132,-1612
4421189,2,1672,16196,-1344
4424188,2,1660,16164,-1524
4426189,2,1648,16136,-1444
4429188,2,1696,16176,-1524
4431189,2,1684,16160,-1472
4434188,2,1592,16212,-1648
4436189,2,1720,16144,-1428
4439188,2,1728,16140,-1652
4441189,2,1724,16140,-1512
4444188,2,1700,16072,-1528
4446189,2,1732,16152,-1524
4449188,2,1776,16236,-1428
4451189,2,1648,16104,-1364
4454188,2,1752,16092,-1580
4456189,2,1560,16104,-1524
4459188,2,1588,16192,-1492
4461189,2,1772,16140,-1412
4464188,2,1716,16116,-1468
4466189,2,1752,16224,-1304
4469188,2,1708,16248,-1400
4471189,2,1732,16064,-1464
4474188,2,1668,16220,-1488
4476189,2,1736,16144,-1568
4479188,2,1660,16180,-1468
4481189,2,1700,16196,-1436
4484188,2,1604,16192,-1460
4486189,2,1652,16308,-1528
4489188,2,1696,16168,-1648
4491189,2,1676,16092,-1504
4494188,2,1680,16120,-1516
4496189,2,1752,16152,-1492
4499188,2,1660,16176,-1520
4501189,2,1664,16180,-1500
4504188,2,1780,16080,-1552
4506189,2,1676,16096,-1472
4509188,2,1744,16160,-1512
4511189,2,1724,16128,-1488
4514188,2,1612,16180,-1468
4516189,2,1660,16244,-1472
4519188,2,1708,16176,-1416
4521189,2,1672,16104,-1528
4524188,2,1680,16136,-1416
4526189,2,1624,16144,-1380
4529188,2,1716,16120,-1452
4531189,2,1652,16160,-1524
4534188,2,1676,16064,-1356
4536189,2,1500,16148,-1564
4539188,2,1644,16200,-1460
4541189,2,1624,16104,-1344
4544188,2,1660,16140,-1476
4546189,2,1716,16104,-1520
4549188,2,1736,16188,-1608
4551189,2,1732,16124,-1544
4554188,2,1640,16200,-1372
4556189,2,1704,16112,-1448
4559188,2,1660,16244,-1536
4561189,2,1632,16244,-1480
4564188,2,1672,16152,-1524
4566189,2,1740,16156,-1560
4569188,2,1676,16148,-1484
4571189,2,1744,16252,-1604
4574188,2,1648,16068,-1472
4576189,2,1696,16136,-1476
4579188,2,1728,16140,-1452
4581189,2,1700,16164,-1448
4584188,2,1780,16152,-1444
4586189,2,1648,16224,-1484
4589188,2,1696,16184,-1624
4591189,2,1560,16164,-1512
4594188,2,1712,16132,-1528
4596189,2,1572,16140,-1564
4599188,2,1624,16140,-1536
4601189,2,1676,16100,-1700
4604188,2,1600,16240,-1436
4606189,2,1600,16200,-1580
4609188,2,1736,16128,-1448
4611189,2,1732,16132,-1564
4614188,2,1676,16128,-1416
4616189,2,1740,16164,-1464
4619188,2,1696,16116,-1700
4621189,2,1748,16104,-1524
4624188,2,1732,16076,-1576
4626189,2,1772,16044,-1476
4629188,2,1684,16124,-1392
4631189,2,1732,16200,-1592
4634188,2,1756,16108,-1480
4636189,2,1668,16132,-1552
4639188,2,1724,16164,-1464
4641189,2,1844,16092,-1468
4644188,2,1748,16172,-1512
4646189,2,1716,16128,-1580
4649188,2,1628,16164,-1420
4651189,2,1780,16092,-1520
4654188,2,1660,16252,-1472
4656189,2,1716,16124,-1424
4659188,2,1732,16136,-1304
4661189,2,1720,16232,-1572
4664188,2,1700,16120,-1448
4666189,2,1728,16136,-1560
4669188,2,1700,16176,-1576
4671189,2,1664,16180,-1544
4674188,2,1616,16108,-1304
4676189,2,1736,16128,-1504
4679188,2,1696,16092,-1368
4681189,2,1696,16156,-1436
4684188,2,1608,16188,-1396
4686189,2,1648,16112,-1476
4689188,2,1664,16152,-1432
4691189,2,1716,16224,-1496
4694188,2,1788,16184,-1596
4696189,2,1600,16116,-1512
4699188,2,1648,16136,-1480
4701189,2,1784,16204,-1548
4704188,2,1696,16148,-1540
4706189,2,1628,16160,-1512
4709188,2,1656,16188,-1480
4711189,2,1640,16204,-1484
4714188,2,1724,16272,-1432
4716189,2,1604,16220,-1468
4719188,2,1800,16192,-1556
4721189,2,1756,16176,-1364
4724188,2,1684,16204,-1440
4726189,2,1744,16264,-1416
4729188,2,1684,16092,-1500
4731189,2,1604,16208,-1520
4734188,2,1572,16128,-1528
4736189,2,1728,16172,-1640
4739188,2,1760,16128,-1484
4741189,2,1724,16156,-1640
4744188,2,1644,16112,-1480
4746189,2,1660,16080,-1624
4749188,2,1752,16216,-1568
4751189,2,1772,16108,-1588
4754188,2,1740,16244,-1604
4756189,2,1628,16172,-1640
4759188,2,1628,16040,-1500
4761189,2,1700,16092,-1492
4764188,2,1644,16244,-1636
4766189,2,1588,16112,-1756
4769188,2,1508,16108,-1448
4771189,2,1616,16052,-1596
4774188,2,1716,16004,-1588
4776189,2,1700,16040,-1596
4779188,2,1692,16152,-1484
4781189,2,1768,16108,-1552
4784188,2,1748,16120,-1504
4786189,2,1680,16148,-1540
4789188,2,1636,16176,-1316
4791189,2,1848,16156,-1488
4794188,2,1624,16152,-1468
4796189,2,1672,16140,-1372
4799188,2,1668,16180,-1524
4801189,2,1656,16196,-1508
4804188,2,1672,16188,-1560
4806189,2,1712,16092,-1416
4809188,2,1760,16164,-1508
4811189,2,1764,16188,-1544
4814188,2,1680,16120,-1596
4816189,2,1760,16256,-1488
4819188,2,1652,16172,-1436
4821189,2,1720,16156,-1440
4824188,2,1672,16228,-1384
4826189,2,1696,16148,-1604
4829188,2,1652,16068,-1424
4831189,2,1608,16152,-1528
4834188,2,1608,16040,-1408
4836189,2,1712,16124,-1488
4839188,2,1640,16080,-1512
4841189,2,1800,16180,-1616
4844188,2,1680,16120,-1536
4846189,2,1676,16056,-1532
4849188,2,1804,16036,-1408
4851189,2,1748,16112,-1428
4854188,2,1612,16152,-1444
4856189,2,1588,16176,-1432
4859188,2,1744,16076,-1484
4861189,2,1740,16128,-1480
4864188,2,1708,16084,-1480
4866189,2,1720,16092,-1424
4869188,2,1720,16188,-1472
4871189,2,1748,16164,-1460
4874188,2,1732,16196,-1392
4876189,2,1708,16240,-1500
4879188,2,1632,16184,-1496
4881189,2,1664,16212,-1440
4884188,2,1636,16124,-1468
4886189,2,1584,16164,-1324
4889188,2,1600,16264,-1464
4891189,2,1620,16216,-1440
4894188,2,1684,16108,-1416
4896189,2,1752,16180,-1424
4899188,2,1840,16156,-1400
4901189,2,1724,16180,-1492
4904188,2,1684,16192,-1448
4906189,2,1684,16164,-1656
4909188,2,1748,16192,-1504
4911189,2,1676,16092,-1352
4914188,2,1684,16104,-1508
4916189,2,1524,16132,-1544
4919188,2,1524,16128,-1380
4921189,2,1616,16236,-1336
4924188,2,1684,16104,-1556
4926189,2,1716,16164,-1464
4929188,2,1676,16176,-1560
4931189,2,1740,16100,-1544
4934188,2,1660,16140,-1296
4936189,2,1672,16128,-1308
4939188,2,1580,16244,-1492
4941189,2,1636,16068,-1292
4944188,2,1628,16196,-1224
4946189,2,1708,16148,-1388
4949188,2,1748,16208,-1336
4951189,2,1712,16164,-1520
4954188,2,1744,16144,-1424
4956189,2,1732,16144,-1636
4959188,2,1712,16120,-1676
4961189,2,1700,16140,-1636
4964188,2,1700,16196,-1448
4966189,2,1796,16060,-1448
4969188,2,1628,16148,-1560
4971189,2,1672,16200,-1460
4974188,2,1720,16124,-1528
4976189,2,1668,16184,-1540
4979188,2,1652,16112,-1560
4981189,2,1644,16192,-1608
4984188,2,1700,16088,-1376
4986189,2,1644,16076,-1560
4989188,2,1660,16056,-1516
4991189,2,1656,16092,-1432
4994188,2,1744,16136,-1536
4996189,2,1692,16180,-1536
4999188,2,1616,16208,-1360
5001189,2,1588,16040,-1400
5004188,2,1704,16192,-1616
5006189,2,1656,16120,-1496
5009188,2,1748,16152,-1396
5011189,2,1656,16200,-1516
5014188,2,1684,16088,-1592
5016189,2,1636,16124,-1492
5019188,2,1612,16084,-1468
5021189,2,1632,16048,-1516
5024188,2,1688,16128,-1544
5026189,2,1664,16100,-1600
5029188,2,1764,16332,-1580
5031189,2,1636,16192,-1408
5034188,2,1692,16164,-1652
5036189,2,1748,16084,-1496
5039188,2,1776,16204,-1536
5041189,2,1740,16264,-1572
5044188,2,1700,16088,-1560
5046189,2,1760,16180,-1556
5049188,2,1728,16176,-1532
5051189,2,1596,16172,-1488
5054188,2,1640,16192,-1508
5056189,2,1624,16148,-1568
5059188,2,1660,16128,-1444
5061189,2,1704,16176,-1364
5064188,2,1772,16152,-1512
5066189,2,1796,16152,-1368
5069188,2,1680,16156,-1464
5071189,2,1796,16156,-1492
5074188,2,1588,16148,-1416
5076189,2,1592,16140,-1520
5079188,2,1708,16104,-1316
5081189,2,1700,16124,-1368
5084188,2,1604,16148,-1508
5086189,2,1644,16108,-1464
5089188,2,1644,16104,-1424
5091189,2,1616,16200,-1524
5094188,2,1732,16164,-1488
5096189,2,1736,16076,-1516
5099188,2,1648,16088,-1600
5101189,2,1664,16180,-1576
5104188,2,1768,16128,-1644
5106189,2,1632,16148,-1476
5109188,2,1624,16224,-1468
5111189,2,1784,16156,-1548
5114188,2,1760,16184,-1456
5116189,2,1676,16284,-1492
5119188,2,1700,16196,-1592
5121189,2,1640,16232,-1588
5124188,2,1720,16208,-1620
5126189,2,1668,16132,-1432
5129188,2,1780,16260,-1596
5131189,2,1652,16176,-1472
5134188,2,1716,16148,-1568
5136189,2,1644,16188,-1448
5139188,2,1692,16152,-1316
5141189,2,1744,16152,-1624
5144188,2,1564,16152,-1680
5146189,2,1728,16204,-1468
5149188,2,1616,16160,-1528
5151189,2,1660,16144,-1376
5154188,2,1760,16056,-1564
5156189,2,1692,16112,-1508
5159188,2,1788,16196,-1452
5161189,2,1688,16124,-1560
5164188,2,1620,16068,-1524
5166189,2,1652,16188,-1432
5169188,2,1732,16132,-1600
5171189,2,1664,16092,-1440
5174188,2,1648,16208,-1620
5176189,2,1636,16100,-1464
5179188,2,1672,16128,-1492
5181189,2,1720,16180,-1480
5184188,2,1732,16176,-1388
5186189,2,1680,16168,-1532
5189188,2,1724,16208,-1608
5191189,2,1708,16176,-1316
5194188,2,1608,16076,-1476
5196189,2,1792,16168,-1516
5199188,2,1704,16148,-1480
5201189,2,1620,16192,-1420
5204188,2,1744,16104,-1552
5206189,2,1772,16132,-1488
5209188,2,1644,16180,-1496
5211189,2,1676,16256,-1576
5214188,2,1656,16160,-1396
5216189,2,1780,16212,-1336
5219188,2,1644,16228,-1324
5221189,2,1640,16104,-1640
5224188,2,1652,16220,-1580
5226189,2,1640,16100,-1540
5229188,2,1504,16136,-1636
5231189,2,1696,16120,-1552
5234188,2,1684,16136,-1540
5236189,2,1732,16072,-1524
5239188,2,1736,16088,-1340
5241189,2,1660,16216,-1540
5244188,2,1616,16176,-1448
5246189,2,1636,16184,-1460
5249188,2,1700,16140,-1432
5251189,2,1720,16192,-1496
5254188,2,1660,16080,-1508
5256189,2,1596,16168,-1524
5259188,2,1668,16220,-1512
5261189,2,1704,16136,-1540
5264188,2,1600,16180,-1708
5266189,2,1660,16244,-1756
5269188,2,1664,16204,-1476
5271189,2,1764,16232,-1508
5274188,2,1656,16140,-1572
5276189,2,1756,16220,-1500
5279188,2,1680,16192,-1596
5281189,2,1652,16224,-1544
5284188,2,1716,16136,-1472
5286189,2,1692,16160,-1584
5289188,2,1716,16232,-1464
5291189,2,1736,16144,-1492
5294188,2,1792,16164,-1556
5296189,2,1704,16156,-1468
5299188,2,1672,16188,-1512
5301189,2,1656,16116,-1608
5304188,2,1728,16208,-1512
5306189,2,1704,16104,-1504
5309188,2,1644,16096,-1384
5311189,2,1636,16176,-1492
5314188,2,1736,16072,-1604
5316189,2,1776,16112,-1488
5319188,2,1736,16148,-1444
5321189,2,1608,16112,-1496
5324188,2,1788,16188,-1524
5326189,2,1740,16080,-1464
5329188,2,1700,16192,-1540
5331189,2,1680,16240,-1620
5334188,2,1692,16188,-1568
5336189,2,1636,16132,-1532
5339188,2,1656,16260,-1536
5341189,2,1624,16184,-1500
5344188,2,1672,16136,-1584
5346189,2,1648,16148,-1384
5349188,2,1780,16184,-1616
5351189,2,1620,16092,-1528
5354188,2,1772,16212,-1348
5356189,2,1752,16228,-1384
5359188,2,1812,16176,-1516
5361189,2,1664,16084,-1436
5364188,2,1728,16228,-1680
5366189,2,1660,16040,-1436
5369188,2,1624,16068,-1592
5371189,2,1668,16044,-1428
5374188,2,1696,16172,-1568
5376189,2,1668,16040,-1292
5379188,2,1584,16120,-1548
5381189,2,1716,16128,-1392
5384188,2,1672,16132,-1480
5386189,2,1672,16200,-1544
5389188,2,1656,16060,-1404
5391189,2,1660,16136,-1540
5394188,2,1608,16100,-1432
5396189,2,1720,16128,-1444
5399188,2,1692,16108,-1544
5401189,2,1656,16140,-1488
5404188,2,1736,16088,-1544
5406189,2,1740,16088,-1404
5409188,2,1656,16172,-1540
5411189,2,1720,16124,-1552
5414188,2,1732,16160,-1672
5416189,2,1672,16232,-1580
5419188,2,1708,16208,-1500
5421189,2,1756,16316,-1572
5424188,2,1600,16172,-1376
5426189,2,1604,16180,-1356
5429188,2,1640,16256,-1540
5431189,2,1604,16256,-1492
5434188,2,1748,16116,-1576
5436189,2,1556,16160,-1472
5439188,2,1700,16116,-1500
5441189,2,1720,16144,-1460
5444188,2,1648,16112,-1472
5446189,2,1612,16136,-1388
5449188,2,1736,16132,-1392
5451189,2,1696,16132,-1564
5454188,2,1628,16152,-1424
5456189,2,1660,16120,-1480
5459188,2,1672,16120,-1560
5461189,2,1720,16152,-1280
5464188,2,1600,16176,-1384
5466189,2,1572,16184,-1496
5469188,2,1756,16120,-1540
5471189,2,1676,16192,-1612
5474188,2,1656,16232,-1524
5476189,2,1648,16284,-1464
